City/Country,Gender,Avg Income(in USD)
US,F,30027.5
IND,M,49.94444444444445
UK,F,79718.29268292684
US,M,288910.77777777775
IND,F,57.510822510822514
Delhi,M,123.68939393939394
